TRUNCATE TABLE templates RESTART IDENTITY CASCADE;
TRUNCATE TABLE suggestions RESTART IDENTITY CASCADE;
TRUNCATE TABLE disease_symptoms RESTART IDENTITY CASCADE;
TRUNCATE TABLE diseases RESTART IDENTITY CASCADE;
TRUNCATE TABLE symptoms RESTART IDENTITY CASCADE;
TRUNCATE TABLE users RESTART IDENTITY CASCADE;

INSERT INTO users (id, username, email, hashed_password, is_active, is_admin, created_at)
VALUES
  (1, 'eldar', 'eldarmmtv@gmail.com', '$2b$12$2NzsdzPrbKbNdf8SxEsYO.RPwstbwXnfvbsx9y97zKTXrjIPuDyBW', TRUE, FALSE, NOW());


INSERT INTO diseases (id, name, description, confidence_score) VALUES
  (1, 'Common Cold', 'A viral infection of your nose and throat (upper respiratory tract). It''s usually harmless, although it might not feel that way. Many types of viruses can cause a common cold.', 0.80),
  (2, 'Influenza (Flu)', 'A contagious respiratory illness caused by influenza viruses that infect the nose, throat, and sometimes the lungs. It can cause mild to severe illness, and at times can lead to death.', 0.90),
  (3, 'Allergies', 'An immune system response to a foreign substance that''s not typically harmful to your body. These foreign substances are called allergens.', 0.70),
  (4, 'Headache (Tension)', 'A common type of headache that causes mild to moderate pain or pressure in the head, often described as a tight band around the head. Usually related to stress or muscle tension.', 0.60),
  (5, 'Strep Throat', 'A bacterial infection that can make your throat feel sore and scratchy. If left untreated, strep throat can cause serious complications.', 0.95),
  (6, 'General Unwell Feeling', 'A non-specific feeling of discomfort, illness, or fatigue, not clearly pointing to a specific acute disease. Suggests general malaise.', 0.30),
  (7, 'Migraine', 'A neurological condition characterized by intense, debilitating headaches, often accompanied by nausea, vomiting, and sensitivity to light or sound.', 0.75),
  (8, 'Sinusitis', 'Inflammation or swelling of the tissue lining the sinuses, causing pressure, congestion, and sometimes pain in the face.', 0.70),
  (9, 'COVID-19', 'An infectious disease caused by the coronavirus SARS-CoV-2, causing fever, cough, loss of taste or smell, and difficulty breathing.', 0.98),
  (10, 'Gastroenteritis', 'Inflammation of the stomach and intestines, leading to symptoms such as nausea, vomiting, diarrhea, and abdominal cramps.', 0.80),
  (11, 'Bronchitis', 'Inflammation of the bronchial tubes, causing coughing, mucus production, fatigue, shortness of breath, and mild fever.', 0.70),
  (12, 'Otitis Media', 'An infection or inflammation of the middle ear, often resulting in ear pain, fever, and difficulty hearing.', 0.60),
  (13, 'Mononucleosis', 'A viral infection that causes fever, sore throat, swollen lymph nodes, and fatigue. Often called "mono" or the "kissing disease."', 0.70),
  (14, 'Pneumonia', 'Infection that inflames the air sacs in one or both lungs, causing cough with phlegm, fever, chills, and difficulty breathing.', 0.85),
  (15, 'Urinary Tract Infection (UTI)', 'An infection in any part of the urinary system, causing a strong urge to urinate, burning sensation, and cloudy urine.', 0.90),
  (16, 'Dehydration', 'Occurs when you use or lose more fluid than you take in, and your body doesn''t have enough water to carry out normal functions.', 0.65),
  (17, 'Food Poisoning', 'Illness caused by eating contaminated food, resulting in nausea, vomiting, diarrhea, and stomach cramps.', 0.85),
  (18, 'Anxiety', 'A mental health disorder characterized by feelings of worry, anxiety, or fear that are strong enough to interfere with one''s daily activities.', 0.55),
  (19, 'Seasonal Affective Disorder', 'A type of depression that''s related to changes in seasons, typically starting in the fall and continuing into the winter months.', 0.50),
  (20, 'Hypertension', 'A condition in which the blood pressure in the arteries is persistently elevated, often presenting no symptoms but can cause headaches and dizziness.', 0.60),
  (21, 'Asthma', 'A condition in which your airways narrow and swell and may produce extra mucus, leading to difficulty breathing, wheezing, and coughing.', 0.80),
  (22, 'Diabetes Mellitus', 'A chronic disease that affects how your body turns food into energy, causing high blood sugar levels and a range of symptoms if uncontrolled.', 0.95),
  (23, 'Hypoglycemia', 'Low blood sugar, which can cause shakiness, confusion, sweating, and in severe cases, loss of consciousness.', 0.85),
  (24, 'Hyperthyroidism', 'A condition in which the thyroid gland is overactive and produces excess hormones, leading to rapid heartbeat, weight loss, and nervousness.', 0.70),
  (25, 'Hypothyroidism', 'A condition in which the thyroid gland does not produce enough hormones, leading to fatigue, weight gain, and depression.', 0.70),
  (26, 'Acute Otitis Externa (Swimmer''s Ear)', 'An infection of the outer ear canal, often caused by water remaining in the ear after swimming, causing pain and discomfort.', 0.60),
  (27, 'Earwax Blockage', 'Buildup of earwax that can cause hearing loss, discomfort, or infection.', 0.50),
  (28, 'Conjunctivitis (Pink Eye)', 'An infection or inflammation of the conjunctiva, causing redness, itching, and discharge from the eye.', 0.60),
  (29, 'Chickenpox', 'A highly contagious viral infection causing an itchy, blister-like rash on the skin.', 0.95),
  (30, 'Measles', 'A highly contagious viral disease causing fever, cough, runny nose, inflamed eyes, and a red rash.', 0.95),
  (31, 'Rubella (German Measles)', 'A contagious viral infection characterized by its distinctive red rash.', 0.90),
  (32, 'Mumps', 'A viral infection that affects the salivary glands, causing swelling in one or both glands.', 0.85),
  (33, 'Scarlet Fever', 'A bacterial illness that develops in some people with strep throat, marked by a bright red rash.', 0.85),
  (34, 'Chickenpox Shingles', 'A reactivation of the chickenpox virus in the body, causing a painful rash.', 0.70),
  (35, 'Appendicitis', 'An inflammation of the appendix, causing pain in the lower right abdomen and requiring urgent treatment.', 0.95),
  (36, 'Tonsillitis', 'Inflammation of the tonsils, causing sore throat, difficulty swallowing, and swollen lymph nodes.', 0.75),
  (37, 'Rheumatoid Arthritis', 'An autoimmune disease causing inflammation, swelling, and pain in and around the joints.', 0.80),
  (38, 'Irritable Bowel Syndrome (IBS)', 'A gastrointestinal disorder causing abdominal pain, cramping, bloating, gas, diarrhea, or constipation.', 0.60),
  (39, 'Acne', 'A common skin condition that occurs when hair follicles become clogged with oil and dead skin cells.', 0.50),
  (40, 'Eczema (Atopic Dermatitis)', 'A condition that makes the skin red and itchy. It''s common in children but can occur at any age.', 0.60);


INSERT INTO symptoms (id, name, keywords) VALUES
  (1, 'Headache', 'head ache,head hurts,throbbing head,head pain,headache'),
  (2, 'Runny Nose', 'nose running,dripping nose,nasal discharge,rhinorrhea,cold,runny nose'),
  (3, 'Sore Throat', 'throat pain,scratchy throat,soreness in throat,pharyngitis,sore throat'),
  (4, 'Blocked Ears', 'clogged ears,ears feel full,muffled hearing,ear pressure,ear popping'),
  (5, 'Cough', 'coughing,hacking,dry cough,wet cough,chesty cough'),
  (6, 'Fever', 'high temperature,feverish,hot,temp,temperature'),
  (7, 'Body Aches', 'muscle aches,body pain,aching muscles,sore muscles'),
  (8, 'Fatigue', 'tired,exhausted,weary,low energy,malaise'),
  (9, 'Sneezing', 'sneezes,sneezy'),
  (10, 'Nasal Congestion', 'stuffy nose,blocked nose,nasal blockage,congestion'),
  (11, 'Chills', 'shivering,feeling cold,cold shivers'),
  (12, 'Loss of Appetite', 'no appetite,don''t want to eat,loss of hunger'),
  (13, 'Vomiting', 'throwing up,puking,sick to stomach'),
  (14, 'Diarrhea', 'loose stools,runny poop'),
  (15, 'Nausea', 'sick feeling,upset stomach'),
  (16, 'Difficulty Swallowing', 'pain swallowing,sore throat swallowing'),
  (17, 'Swollen Lymph Nodes', 'swollen glands,neck lumps'),
  (18, 'White Patches on Tonsils', 'white spots throat,tonsil patches'),
  (19, 'Shortness of Breath', 'breathless,hard to breathe,can''t breathe,short of breath,dyspnea'),
  (20, 'Chest Pain', 'chest hurts,pressure in chest,chest tightness,angina'),
  (21, 'Wheezing', 'wheezes,wheezing sound,whistling breathing'),
  (22, 'Itchy Eyes', 'eyes itch,eye irritation,itchy eyes,red eyes'),
  (23, 'Skin Rash', 'rash,skin spots,skin bumps,red skin'),
  (24, 'Dizziness', 'lightheaded,vertigo,feel faint,dizzy,spinning'),
  (25, 'Night Sweats', 'sweating at night,nighttime sweat,wake up sweating'),
  (26, 'Joint Pain', 'aching joints,joint stiffness,arthritis pain'),
  (27, 'Weight Loss', 'losing weight,unintentional weight loss,thin,skinny'),
  (28, 'Weight Gain', 'gaining weight,unintentional weight gain,overweight,heavy'),
  (29, 'Mood Changes', 'irritable,anxiety,depressed,mood swings'),
  (30, 'Swelling', 'swollen,edema,puffy'),
  (31, 'Difficulty Urinating', 'trouble peeing,can''t pee,urination problem,weak stream'),
  (32, 'Frequent Urination', 'pee a lot,urinate often,frequent peeing'),
  (33, 'Blood in Urine', 'bloody urine,pink pee,hematuria'),
  (34, 'Vision Changes', 'blurry vision,can''t see,double vision,vision loss'),
  (35, 'Sensitivity to Light', 'photophobia,light hurts eyes,light sensitive'),
  (36, 'Ear Pain', 'earache,pain in ear,ear hurts'),
  (37, 'Itching', 'itch,itchy,skin itching,pruritus'),
  (38, 'Numbness', 'numb,tingling,can''t feel'),
  (39, 'Memory Problems', 'forgetful,can''t remember,memory loss,confused'),
  (40, 'Palpitations', 'heart racing,skipped beat,palpitations,fast heartbeat');


INSERT INTO disease_symptoms (disease_id, symptom_id, weight) VALUES
  (1, 2, 1.00),
  (1, 3, 0.80),
  (1, 5, 0.70),
  (1, 10, 0.90),
  (1, 9, 0.90),
  (1, 1, 0.50),
  (1, 8, 0.60),
  (2, 6, 1.00),
  (2, 5, 0.90),
  (2, 3, 0.80),
  (2, 7, 1.00),
  (2, 8, 0.90),
  (2, 1, 0.80),
  (2, 11, 0.70),
  (2, 2, 0.60),
  (2, 10, 0.60),
  (3, 9, 1.00),
  (3, 2, 0.90),
  (3, 10, 0.80),
  (3, 5, 0.50),
  (3, 4, 0.60),
  (4, 1, 1.00),
  (4, 8, 0.40),
  (5, 3, 1.00),
  (5, 6, 0.90),
  (5, 16, 0.90),
  (5, 17, 0.80),
  (5, 18, 1.00),
  (5, 1, 0.60),
  (5, 15, 0.50),
  (5, 13, 0.50),
  (5, 12, 0.40),
  (6, 8, 1.00),
  (6, 6, 0.50),
  (6, 7, 0.40),
  (6, 1, 0.30),
  (6, 15, 0.20),
  (7, 1, 1.00),
  (7, 24, 0.80),
  (7, 35, 0.50),
  (7, 15, 0.40),
  (7, 8, 0.40),
  (8, 10, 1.00),
  (8, 2, 1.00),
  (8, 1, 0.80),
  (8, 9, 0.80),
  (8, 3, 0.70),
  (8, 5, 0.60),
  (8, 24, 0.30),
  (9, 6, 1.00),
  (9, 5, 1.00),
  (9, 8, 1.00),
  (9, 19, 0.90),
  (9, 2, 0.80),
  (9, 10, 0.80),
  (9, 1, 0.70),
  (9, 7, 0.60),
  (9, 15, 0.60),
  (9, 11, 0.50),
  (9, 14, 0.40),
  (9, 24, 0.30),
  (10, 14, 1.00),
  (10, 13, 1.00),
  (10, 15, 0.90),
  (10, 8, 0.80),
  (10, 6, 0.70),
  (10, 12, 0.50),
  (10, 7, 0.30);


INSERT INTO suggestions (id, text, disease_id, is_general_advice) VALUES
  (1, 'Please consult a medical professional for a proper diagnosis and treatment plan, especially if your symptoms worsen or persist.', NULL, TRUE),
  (2, 'It''s always best to consult a doctor if you are unsure about your symptoms or if they are severe.', NULL, TRUE),
  (3, 'Stay hydrated by drinking plenty of water and clear fluids.', NULL, TRUE),
  (4, 'Get plenty of rest to help your body recover.', NULL, TRUE),
  (5, 'Maintain a balanced diet with nutrient-rich foods.', NULL, TRUE),
  (6, 'Wash your hands frequently to prevent the spread of germs.', NULL, TRUE),
  (7, 'Avoid close contact with others if you are feeling unwell.', NULL, TRUE),
  (8, 'For a common cold, over-the-counter pain relievers like ibuprofen or acetaminophen can help with body aches and fever.', 1, FALSE),
  (9, 'Try using saline nasal sprays or a neti pot to relieve nasal congestion.', 1, FALSE),
  (10, 'Sore throat lozenges or sprays can provide temporary relief for a common cold.', 1, FALSE),
  (11, 'For the flu, rest is crucial. Avoid strenuous activities.', 2, FALSE),
  (12, 'Antiviral medications might be prescribed by a doctor for the flu, especially if taken early.', 2, FALSE),
  (13, 'Flu shots are recommended annually to prevent influenza or reduce its severity.', 2, FALSE),
  (14, 'For allergies, try to identify and avoid your triggers.', 3, FALSE),
  (15, 'Over-the-counter antihistamines can help relieve allergy symptoms like sneezing and runny nose.', 3, FALSE),
  (16, 'Nasal corticosteroid sprays can be effective for managing nasal congestion from allergies.', 3, FALSE),
  (17, 'For tension headaches, try stress-reduction techniques like meditation, yoga, or deep breathing exercises.', 4, FALSE),
  (18, 'Over-the-counter pain relievers such as aspirin, ibuprofen, or acetaminophen can help alleviate tension headache pain.', 4, FALSE),
  (19, 'Applying a warm or cold compress to your head or neck might provide relief for tension headaches.', 4, FALSE),
  (20, 'If you suspect strep throat, it is crucial to see a doctor for testing and antibiotics.', 5, FALSE),
  (21, 'Complete the full course of antibiotics prescribed by your doctor for strep throat, even if you feel better.', 5, FALSE),
  (22, 'Sore throat relief can be found by gargling with warm salt water.', 5, FALSE),
  (23, 'Find a quiet, dark place to rest—this often helps with migraines.', 7, FALSE),
  (24, 'Apply a cold pack or gentle massage to your temples to ease the pain.', 7, FALSE),
  (25, 'Stay hydrated and keep a regular sleep schedule.', 7, FALSE),
  (26, 'Use a warm compress on your face to help relieve sinus pressure.', 8, FALSE),
  (27, 'Try a saline nasal spray or a humidifier to reduce congestion.', 8, FALSE),
  (28, 'Drink plenty of water and clear fluids to help thin out mucus.', 8, FALSE),
  (29, 'Rest as much as possible and stay hydrated with water or clear fluids.', 9, FALSE),
  (30, 'Monitor your temperature and keep a journal of your symptoms.', 9, FALSE),
  (31, 'Use a humidifier or take warm showers to soothe a cough or sore throat.', 9, FALSE),
  (32, 'Sip clear fluids, like water or oral rehydration drinks, to stay hydrated.', 10, FALSE),
  (33, 'Eat small amounts of bland foods such as crackers or toast as you recover.', 10, FALSE),
  (34, 'Rest is important—give your body time to heal.', 10, FALSE),
  (35, 'Drink warm tea with honey to help soothe your throat and ease coughing.', 11, FALSE),
  (36, 'Avoid smoke and dusty air; keep your environment clean.', 11, FALSE),
  (37, 'Get extra rest and try to stay upright to help your breathing.', 11, FALSE),
  (38, 'Apply a warm washcloth to the affected ear for comfort.', 12, FALSE),
  (39, 'Try to sit upright instead of lying down to ease pressure in the ear.', 12, FALSE),
  (40, 'Get plenty of sleep and take it easy—your body needs extra rest to recover.', 13, FALSE),
  (41, 'Avoid strenuous activity or contact sports until you feel fully better.', 13, FALSE);


INSERT INTO templates (id, template_type, text, disease_id, is_active) VALUES
  (1,  'greeting', 'Hi! I''m your health assistant. What would you like to talk about today?', NULL, TRUE),
  (8,  'greeting', 'Hi there! Got a health question? I’m here to help.', NULL, TRUE),
  (9,  'greeting', 'Hey! Tell me what’s bothering you, and I’ll do my best to help.', NULL, TRUE),
  (10, 'greeting', 'Welcome! Just let me know how you’re feeling, and we’ll figure things out together.', NULL, TRUE),
  (2,  'fallback', 'Sorry to hear you’re not feeling well. Here are some tips that might help: {advice}', NULL, TRUE),
  (11, 'fallback', 'I’m not sure exactly what’s going on, but here are a few things you can try: {advice}', NULL, TRUE),
  (12, 'fallback', 'I couldn’t pinpoint your condition, but these suggestions could be useful: {advice}', NULL, TRUE),
  (13, 'fallback', 'Let’s keep looking for answers. Meanwhile, here are some ideas to get you started: {advice}', NULL, TRUE),
  (3,  'disease',  'It sounds like you could have {disease_name}. {disease_desc} Here are a few things you can try: {advice}', 1, TRUE),
  (4,  'disease',  'It sounds like you could have {disease_name}. {disease_desc} Here are a few things you can try: {advice}', 2, TRUE),
  (5,  'disease',  'It sounds like you could have {disease_name}. {disease_desc} Here are a few things you can try: {advice}', 4, TRUE),
  (6,  'disease',  'It sounds like you could have {disease_name}. {disease_desc} Here are a few things you can try: {advice}', 5, TRUE),
  (7,  'disease',  'It sounds like you could have {disease_name}. {disease_desc} Here are a few things you can try: {advice}', 3, TRUE),
  (14, 'disease',  'Your symptoms are a lot like {disease_name}. {disease_desc} Want to hear what you can do next?', NULL, TRUE),
  (15, 'disease',  'People with these symptoms often have {disease_name}. {disease_desc} Here’s what might help:', NULL, TRUE),
  (16, 'disease',  'Based on what you’ve shared, {disease_name} is one possibility. {disease_desc} Here are some tips that could help:', NULL, TRUE),
  (17, 'disease',  'These symptoms sometimes mean {disease_name}. {disease_desc} Here’s what you can do next:', NULL, TRUE),
  (18, 'disease',  '{disease_name} is one option to consider. {disease_desc} Would you like some advice on what to do?', NULL, TRUE);


